<annotation>
  <folder>&#21407;&#20301;&#30284;&#22270;</folder>
  <filename>1</filename>
  <path>C:/Users/hu/Desktop/&#21407;&#20301;&#30284;&#22270;/1.jpg</path>
  <source>
    <database>Unknown</database>
  </source>
  <size>
    <width>702</width>
    <height>660</height>
    <depth>3</depth>
  </size>
  <segmented>0</segmented>
  <object>
    <name>DCIS</name>
    <pose>Unspecified</pose>
    <truncated>0</truncated>
    <difficult>0</difficult>
    <bndbox>
      <xmin>298</xmin>
      <ymin>205</ymin>
      <xmax>525</xmax>
      <ymax>534</ymax>
    </bndbox>
  </object>
</annotation>
