<annotation>
  <folder>&#26032;&#24314;&#25991;&#20214;&#22841;</folder>
  <filename>16</filename>
  <path>C:/Users/hu/Desktop/&#26032;&#24314;&#25991;&#20214;&#22841;/16.jpeg</path>
  <source>
    <database>Unknown</database>
  </source>
  <size>
    <width>1328</width>
    <height>969</height>
    <depth>3</depth>
  </size>
  <segmented>0</segmented>
  <object>
    <name>DCIS</name>
    <pose>Unspecified</pose>
    <truncated>0</truncated>
    <difficult>0</difficult>
    <bndbox>
      <xmin>8</xmin>
      <ymin>16</ymin>
      <xmax>1317</xmax>
      <ymax>880</ymax>
    </bndbox>
  </object>
  <object>
    <name>IDC</name>
    <pose>Unspecified</pose>
    <truncated>0</truncated>
    <difficult>0</difficult>
    <bndbox>
      <xmin>7</xmin>
      <ymin>858</ymin>
      <xmax>101</xmax>
      <ymax>966</ymax>
    </bndbox>
  </object>
  <object>
    <name>IDC</name>
    <pose>Unspecified</pose>
    <truncated>0</truncated>
    <difficult>0</difficult>
    <bndbox>
      <xmin>858</xmin>
      <ymin>742</ymin>
      <xmax>1311</xmax>
      <ymax>963</ymax>
    </bndbox>
  </object>
  <object>
    <name>IDC</name>
    <pose>Unspecified</pose>
    <truncated>0</truncated>
    <difficult>0</difficult>
    <bndbox>
      <xmin>1048</xmin>
      <ymin>454</ymin>
      <xmax>1302</xmax>
      <ymax>730</ymax>
    </bndbox>
  </object>
</annotation>
