<annotation>
  <folder>&#21407;&#20301;&#30284;&#22270;</folder>
  <filename>170190~6</filename>
  <path>C:/Users/hu/Desktop/&#21407;&#20301;&#30284;&#22270;/170190~6.jpg</path>
  <source>
    <database>Unknown</database>
  </source>
  <size>
    <width>1910</width>
    <height>752</height>
    <depth>3</depth>
  </size>
  <segmented>0</segmented>
  <object>
    <name>DCIS</name>
    <pose>Unspecified</pose>
    <truncated>0</truncated>
    <difficult>0</difficult>
    <bndbox>
      <xmin>355</xmin>
      <ymin>97</ymin>
      <xmax>474</xmax>
      <ymax>259</ymax>
    </bndbox>
  </object>
  <object>
    <name>DCIS</name>
    <pose>Unspecified</pose>
    <truncated>0</truncated>
    <difficult>0</difficult>
    <bndbox>
      <xmin>1084</xmin>
      <ymin>437</ymin>
      <xmax>1259</xmax>
      <ymax>642</ymax>
    </bndbox>
  </object>
  <object>
    <name>DCIS</name>
    <pose>Unspecified</pose>
    <truncated>0</truncated>
    <difficult>0</difficult>
    <bndbox>
      <xmin>1244</xmin>
      <ymin>303</ymin>
      <xmax>1325</xmax>
      <ymax>384</ymax>
    </bndbox>
  </object>
</annotation>
