<annotation>
  <folder>&#21407;&#20301;&#30284;&#22270;</folder>
  <filename>170190~3 (2)</filename>
  <path>C:/Users/hu/Desktop/&#21407;&#20301;&#30284;&#22270;/170190~3 (2).jpg</path>
  <source>
    <database>Unknown</database>
  </source>
  <size>
    <width>1910</width>
    <height>752</height>
    <depth>3</depth>
  </size>
  <segmented>0</segmented>
  <object>
    <name>DCIS</name>
    <pose>Unspecified</pose>
    <truncated>0</truncated>
    <difficult>0</difficult>
    <bndbox>
      <xmin>337</xmin>
      <ymin>235</ymin>
      <xmax>589</xmax>
      <ymax>410</ymax>
    </bndbox>
  </object>
  <object>
    <name>DCIS</name>
    <pose>Unspecified</pose>
    <truncated>0</truncated>
    <difficult>0</difficult>
    <bndbox>
      <xmin>860</xmin>
      <ymin>533</ymin>
      <xmax>917</xmax>
      <ymax>581</ymax>
    </bndbox>
  </object>
  <object>
    <name>DCIS</name>
    <pose>Unspecified</pose>
    <truncated>0</truncated>
    <difficult>0</difficult>
    <bndbox>
      <xmin>1000</xmin>
      <ymin>506</ymin>
      <xmax>1050</xmax>
      <ymax>558</ymax>
    </bndbox>
  </object>
  <object>
    <name>DCIS</name>
    <pose>Unspecified</pose>
    <truncated>0</truncated>
    <difficult>0</difficult>
    <bndbox>
      <xmin>808</xmin>
      <ymin>665</ymin>
      <xmax>855</xmax>
      <ymax>713</ymax>
    </bndbox>
  </object>
  <object>
    <name>DCIS</name>
    <pose>Unspecified</pose>
    <truncated>0</truncated>
    <difficult>0</difficult>
    <bndbox>
      <xmin>861</xmin>
      <ymin>715</ymin>
      <xmax>900</xmax>
      <ymax>749</ymax>
    </bndbox>
  </object>
  <object>
    <name>DCIS</name>
    <pose>Unspecified</pose>
    <truncated>0</truncated>
    <difficult>0</difficult>
    <bndbox>
      <xmin>1068</xmin>
      <ymin>637</ymin>
      <xmax>1180</xmax>
      <ymax>719</ymax>
    </bndbox>
  </object>
  <object>
    <name>DCIS</name>
    <pose>Unspecified</pose>
    <truncated>0</truncated>
    <difficult>0</difficult>
    <bndbox>
      <xmin>1395</xmin>
      <ymin>74</ymin>
      <xmax>1476</xmax>
      <ymax>155</ymax>
    </bndbox>
  </object>
</annotation>
