<annotation>
  <folder>&#21407;&#20301;&#30284;&#22270;</folder>
  <filename>170190~5</filename>
  <path>C:/Users/hu/Desktop/&#21407;&#20301;&#30284;&#22270;/170190~5.jpg</path>
  <source>
    <database>Unknown</database>
  </source>
  <size>
    <width>1910</width>
    <height>752</height>
    <depth>3</depth>
  </size>
  <segmented>0</segmented>
  <object>
    <name>DCIS</name>
    <pose>Unspecified</pose>
    <truncated>0</truncated>
    <difficult>0</difficult>
    <bndbox>
      <xmin>521</xmin>
      <ymin>114</ymin>
      <xmax>937</xmax>
      <ymax>578</ymax>
    </bndbox>
  </object>
  <object>
    <name>DCIS</name>
    <pose>Unspecified</pose>
    <truncated>0</truncated>
    <difficult>0</difficult>
    <bndbox>
      <xmin>1395</xmin>
      <ymin>522</ymin>
      <xmax>1503</xmax>
      <ymax>733</ymax>
    </bndbox>
  </object>
</annotation>
