<annotation>
  <folder>&#21407;&#20301;&#30284;&#22270;</folder>
  <filename>1900355~1</filename>
  <path>C:/Users/hu/Desktop/&#21407;&#20301;&#30284;&#22270;/1900355~1.jpg</path>
  <source>
    <database>Unknown</database>
  </source>
  <size>
    <width>1910</width>
    <height>752</height>
    <depth>3</depth>
  </size>
  <segmented>0</segmented>
  <object>
    <name>DCIS</name>
    <pose>Unspecified</pose>
    <truncated>0</truncated>
    <difficult>0</difficult>
    <bndbox>
      <xmin>831</xmin>
      <ymin>95</ymin>
      <xmax>1257</xmax>
      <ymax>427</ymax>
    </bndbox>
  </object>
</annotation>
