<annotation>
  <folder>&#21407;&#20301;&#30284;&#22270;</folder>
  <filename>2</filename>
  <path>C:/Users/hu/Desktop/&#21407;&#20301;&#30284;&#22270;/2.jpg</path>
  <source>
    <database>Unknown</database>
  </source>
  <size>
    <width>864</width>
    <height>684</height>
    <depth>3</depth>
  </size>
  <segmented>0</segmented>
  <object>
    <name>DCIS</name>
    <pose>Unspecified</pose>
    <truncated>0</truncated>
    <difficult>0</difficult>
    <bndbox>
      <xmin>162</xmin>
      <ymin>33</ymin>
      <xmax>746</xmax>
      <ymax>515</ymax>
    </bndbox>
  </object>
</annotation>
