<annotation>
  <folder>&#21407;&#20301;&#30284;&#22270;</folder>
  <filename>210173~1</filename>
  <path>C:/Users/hu/Desktop/&#21407;&#20301;&#30284;&#22270;/210173~1.jpg</path>
  <source>
    <database>Unknown</database>
  </source>
  <size>
    <width>1254</width>
    <height>684</height>
    <depth>3</depth>
  </size>
  <segmented>0</segmented>
  <object>
    <name>DCIS</name>
    <pose>Unspecified</pose>
    <truncated>0</truncated>
    <difficult>0</difficult>
    <bndbox>
      <xmin>395</xmin>
      <ymin>119</ymin>
      <xmax>472</xmax>
      <ymax>158</ymax>
    </bndbox>
  </object>
</annotation>
