<annotation>
  <folder>&#21407;&#20301;&#30284;&#22270;</folder>
  <filename>210171~1</filename>
  <path>C:/Users/hu/Desktop/&#21407;&#20301;&#30284;&#22270;/210171~1.jpg</path>
  <source>
    <database>Unknown</database>
  </source>
  <size>
    <width>1910</width>
    <height>752</height>
    <depth>3</depth>
  </size>
  <segmented>0</segmented>
  <object>
    <name>DCIS</name>
    <pose>Unspecified</pose>
    <truncated>0</truncated>
    <difficult>0</difficult>
    <bndbox>
      <xmin>484</xmin>
      <ymin>114</ymin>
      <xmax>983</xmax>
      <ymax>752</ymax>
    </bndbox>
  </object>
  <object>
    <name>DCIS</name>
    <pose>Unspecified</pose>
    <truncated>0</truncated>
    <difficult>0</difficult>
    <bndbox>
      <xmin>999</xmin>
      <ymin>44</ymin>
      <xmax>1565</xmax>
      <ymax>584</ymax>
    </bndbox>
  </object>
</annotation>
