<annotation>
  <folder>&#21407;&#20301;&#30284;&#22270;</folder>
  <filename>210173~3</filename>
  <path>C:/Users/hu/Desktop/&#21407;&#20301;&#30284;&#22270;/210173~3.jpg</path>
  <source>
    <database>Unknown</database>
  </source>
  <size>
    <width>1910</width>
    <height>752</height>
    <depth>3</depth>
  </size>
  <segmented>0</segmented>
  <object>
    <name>DCIS</name>
    <pose>Unspecified</pose>
    <truncated>0</truncated>
    <difficult>0</difficult>
    <bndbox>
      <xmin>578</xmin>
      <ymin>125</ymin>
      <xmax>1133</xmax>
      <ymax>403</ymax>
    </bndbox>
  </object>
  <object>
    <name>DCIS</name>
    <pose>Unspecified</pose>
    <truncated>0</truncated>
    <difficult>0</difficult>
    <bndbox>
      <xmin>3</xmin>
      <ymin>1</ymin>
      <xmax>325</xmax>
      <ymax>373</ymax>
    </bndbox>
  </object>
</annotation>
