<annotation>
  <folder>&#21407;&#20301;&#30284;&#22270;</folder>
  <filename>3</filename>
  <path>C:/Users/hu/Desktop/&#21407;&#20301;&#30284;&#22270;/3.jpg</path>
  <source>
    <database>Unknown</database>
  </source>
  <size>
    <width>678</width>
    <height>618</height>
    <depth>3</depth>
  </size>
  <segmented>0</segmented>
  <object>
    <name>DCIS</name>
    <pose>Unspecified</pose>
    <truncated>0</truncated>
    <difficult>0</difficult>
    <bndbox>
      <xmin>156</xmin>
      <ymin>191</ymin>
      <xmax>498</xmax>
      <ymax>448</ymax>
    </bndbox>
  </object>
</annotation>
