<annotation>
  <folder>&#21407;&#20301;&#30284;&#22270;</folder>
  <filename>4</filename>
  <path>C:/Users/hu/Desktop/&#21407;&#20301;&#30284;&#22270;/4.jpg</path>
  <source>
    <database>Unknown</database>
  </source>
  <size>
    <width>624</width>
    <height>834</height>
    <depth>3</depth>
  </size>
  <segmented>0</segmented>
  <object>
    <name>DCIS</name>
    <pose>Unspecified</pose>
    <truncated>0</truncated>
    <difficult>0</difficult>
    <bndbox>
      <xmin>25</xmin>
      <ymin>34</ymin>
      <xmax>624</xmax>
      <ymax>782</ymax>
    </bndbox>
  </object>
</annotation>
