<annotation>
  <folder>&#21407;&#20301;&#30284;&#22270;</folder>
  <filename>5</filename>
  <path>C:/Users/hu/Desktop/&#21407;&#20301;&#30284;&#22270;/5.jpg</path>
  <source>
    <database>Unknown</database>
  </source>
  <size>
    <width>756</width>
    <height>984</height>
    <depth>3</depth>
  </size>
  <segmented>0</segmented>
  <object>
    <name>DCIS</name>
    <pose>Unspecified</pose>
    <truncated>0</truncated>
    <difficult>0</difficult>
    <bndbox>
      <xmin>22</xmin>
      <ymin>20</ymin>
      <xmax>755</xmax>
      <ymax>892</ymax>
    </bndbox>
  </object>
</annotation>
