<annotation>
  <folder>&#21407;&#20301;&#30284;&#22270;</folder>
  <filename>6</filename>
  <path>C:/Users/hu/Desktop/&#21407;&#20301;&#30284;&#22270;/6.jpg</path>
  <source>
    <database>Unknown</database>
  </source>
  <size>
    <width>756</width>
    <height>882</height>
    <depth>3</depth>
  </size>
  <segmented>0</segmented>
  <object>
    <name>DCIS</name>
    <pose>Unspecified</pose>
    <truncated>0</truncated>
    <difficult>0</difficult>
    <bndbox>
      <xmin>1</xmin>
      <ymin>24</ymin>
      <xmax>756</xmax>
      <ymax>862</ymax>
    </bndbox>
  </object>
</annotation>
