<annotation>
  <folder>&#21407;&#20301;&#30284;&#22270;</folder>
  <filename>7</filename>
  <path>C:/Users/hu/Desktop/&#21407;&#20301;&#30284;&#22270;/7.jpg</path>
  <source>
    <database>Unknown</database>
  </source>
  <size>
    <width>744</width>
    <height>780</height>
    <depth>3</depth>
  </size>
  <segmented>0</segmented>
  <object>
    <name>DCIS</name>
    <pose>Unspecified</pose>
    <truncated>0</truncated>
    <difficult>0</difficult>
    <bndbox>
      <xmin>177</xmin>
      <ymin>95</ymin>
      <xmax>744</xmax>
      <ymax>584</ymax>
    </bndbox>
  </object>
</annotation>
