<annotation>
  <folder>&#26032;&#24314;&#25991;&#20214;&#22841;3</folder>
  <filename>bright_5</filename>
  <path>C:/Users/hu/Desktop/&#26032;&#24314;&#25991;&#20214;&#22841;/&#26032;&#24314;&#25991;&#20214;&#22841;3/bright_5.jpg</path>
  <source>
    <database>Unknown</database>
  </source>
  <size>
    <width>756</width>
    <height>984</height>
    <depth>3</depth>
  </size>
  <segmented>0</segmented>
  <object>
    <name>DCIS</name>
    <pose>Unspecified</pose>
    <truncated>0</truncated>
    <difficult>0</difficult>
    <bndbox>
      <xmin>3</xmin>
      <ymin>1</ymin>
      <xmax>756</xmax>
      <ymax>881</ymax>
    </bndbox>
  </object>
</annotation>
