<annotation>
  <folder>&#26032;&#24314;&#25991;&#20214;&#22841;3</folder>
  <filename>bright_&#25429;&#33719;12</filename>
  <path>C:/Users/hu/Desktop/&#26032;&#24314;&#25991;&#20214;&#22841;/&#26032;&#24314;&#25991;&#20214;&#22841;3/bright_&#25429;&#33719;12.JPG</path>
  <source>
    <database>Unknown</database>
  </source>
  <size>
    <width>322</width>
    <height>220</height>
    <depth>3</depth>
  </size>
  <segmented>0</segmented>
  <object>
    <name>DCIS</name>
    <pose>Unspecified</pose>
    <truncated>0</truncated>
    <difficult>0</difficult>
    <bndbox>
      <xmin>110</xmin>
      <ymin>37</ymin>
      <xmax>183</xmax>
      <ymax>121</ymax>
    </bndbox>
  </object>
</annotation>
