<annotation>
  <folder>&#26032;&#24314;&#25991;&#20214;&#22841;3</folder>
  <filename>bright_170190~5</filename>
  <path>C:/Users/hu/Desktop/&#26032;&#24314;&#25991;&#20214;&#22841;/&#26032;&#24314;&#25991;&#20214;&#22841;3/bright_170190~5.jpg</path>
  <source>
    <database>Unknown</database>
  </source>
  <size>
    <width>1910</width>
    <height>752</height>
    <depth>3</depth>
  </size>
  <segmented>0</segmented>
  <object>
    <name>DCIS</name>
    <pose>Unspecified</pose>
    <truncated>0</truncated>
    <difficult>0</difficult>
    <bndbox>
      <xmin>493</xmin>
      <ymin>120</ymin>
      <xmax>955</xmax>
      <ymax>603</ymax>
    </bndbox>
  </object>
  <object>
    <name>DCIS</name>
    <pose>Unspecified</pose>
    <truncated>0</truncated>
    <difficult>0</difficult>
    <bndbox>
      <xmin>1401</xmin>
      <ymin>522</ymin>
      <xmax>1505</xmax>
      <ymax>724</ymax>
    </bndbox>
  </object>
</annotation>
