<annotation>
  <folder>&#21407;&#20301;&#30284;&#22270;</folder>
  <filename>buhuo13</filename>
  <path>C:/Users/hu/Desktop/&#21407;&#20301;&#30284;&#22270;/buhuo13.JPG</path>
  <source>
    <database>Unknown</database>
  </source>
  <size>
    <width>447</width>
    <height>290</height>
    <depth>3</depth>
  </size>
  <segmented>0</segmented>
  <object>
    <name>DCIS</name>
    <pose>Unspecified</pose>
    <truncated>0</truncated>
    <difficult>0</difficult>
    <bndbox>
      <xmin>34</xmin>
      <ymin>35</ymin>
      <xmax>419</xmax>
      <ymax>239</ymax>
    </bndbox>
  </object>
</annotation>
