<annotation>
  <folder>&#21407;&#20301;&#30284;&#22270;</folder>
  <filename>buhuo11</filename>
  <path>C:/Users/hu/Desktop/&#21407;&#20301;&#30284;&#22270;/buhuo11.JPG</path>
  <source>
    <database>Unknown</database>
  </source>
  <size>
    <width>224</width>
    <height>423</height>
    <depth>3</depth>
  </size>
  <segmented>0</segmented>
  <object>
    <name>DCIS</name>
    <pose>Unspecified</pose>
    <truncated>0</truncated>
    <difficult>0</difficult>
    <bndbox>
      <xmin>28</xmin>
      <ymin>26</ymin>
      <xmax>131</xmax>
      <ymax>204</ymax>
    </bndbox>
  </object>
  <object>
    <name>DCIS</name>
    <pose>Unspecified</pose>
    <truncated>0</truncated>
    <difficult>0</difficult>
    <bndbox>
      <xmin>83</xmin>
      <ymin>323</ymin>
      <xmax>160</xmax>
      <ymax>398</ymax>
    </bndbox>
  </object>
</annotation>
