<annotation>
  <folder>&#21407;&#20301;&#30284;&#22270;</folder>
  <filename>buhuo12</filename>
  <path>C:/Users/hu/Desktop/&#21407;&#20301;&#30284;&#22270;/buhuo12.JPG</path>
  <source>
    <database>Unknown</database>
  </source>
  <size>
    <width>322</width>
    <height>220</height>
    <depth>3</depth>
  </size>
  <segmented>0</segmented>
  <object>
    <name>DCIS</name>
    <pose>Unspecified</pose>
    <truncated>0</truncated>
    <difficult>0</difficult>
    <bndbox>
      <xmin>110</xmin>
      <ymin>42</ymin>
      <xmax>176</xmax>
      <ymax>120</ymax>
    </bndbox>
  </object>
</annotation>
