<annotation>
  <folder>&#26032;&#24314;&#25991;&#20214;&#22841;3</folder>
  <filename>contrast_3</filename>
  <path>C:/Users/hu/Desktop/&#26032;&#24314;&#25991;&#20214;&#22841;/&#26032;&#24314;&#25991;&#20214;&#22841;3/contrast_3.jpg</path>
  <source>
    <database>Unknown</database>
  </source>
  <size>
    <width>678</width>
    <height>618</height>
    <depth>3</depth>
  </size>
  <segmented>0</segmented>
  <object>
    <name>DCIS</name>
    <pose>Unspecified</pose>
    <truncated>0</truncated>
    <difficult>0</difficult>
    <bndbox>
      <xmin>192</xmin>
      <ymin>198</ymin>
      <xmax>486</xmax>
      <ymax>433</ymax>
    </bndbox>
  </object>
</annotation>
