<annotation>
  <folder>&#26032;&#24314;&#25991;&#20214;&#22841;3</folder>
  <filename>contrast_170190~1 (2)</filename>
  <path>C:/Users/hu/Desktop/&#26032;&#24314;&#25991;&#20214;&#22841;/&#26032;&#24314;&#25991;&#20214;&#22841;3/contrast_170190~1 (2).jpg</path>
  <source>
    <database>Unknown</database>
  </source>
  <size>
    <width>1910</width>
    <height>752</height>
    <depth>3</depth>
  </size>
  <segmented>0</segmented>
  <object>
    <name>DCIS</name>
    <pose>Unspecified</pose>
    <truncated>0</truncated>
    <difficult>0</difficult>
    <bndbox>
      <xmin>529</xmin>
      <ymin>65</ymin>
      <xmax>735</xmax>
      <ymax>369</ymax>
    </bndbox>
  </object>
  <object>
    <name>DCIS</name>
    <pose>Unspecified</pose>
    <truncated>0</truncated>
    <difficult>0</difficult>
    <bndbox>
      <xmin>386</xmin>
      <ymin>176</ymin>
      <xmax>476</xmax>
      <ymax>231</ymax>
    </bndbox>
  </object>
  <object>
    <name>DCIS</name>
    <pose>Unspecified</pose>
    <truncated>0</truncated>
    <difficult>0</difficult>
    <bndbox>
      <xmin>278</xmin>
      <ymin>244</ymin>
      <xmax>452</xmax>
      <ymax>329</ymax>
    </bndbox>
  </object>
  <object>
    <name>DCIS</name>
    <pose>Unspecified</pose>
    <truncated>0</truncated>
    <difficult>0</difficult>
    <bndbox>
      <xmin>1</xmin>
      <ymin>526</ymin>
      <xmax>38</xmax>
      <ymax>595</ymax>
    </bndbox>
  </object>
  <object>
    <name>DCIS</name>
    <pose>Unspecified</pose>
    <truncated>0</truncated>
    <difficult>0</difficult>
    <bndbox>
      <xmin>150</xmin>
      <ymin>644</ymin>
      <xmax>238</xmax>
      <ymax>725</ymax>
    </bndbox>
  </object>
  <object>
    <name>DCIS</name>
    <pose>Unspecified</pose>
    <truncated>0</truncated>
    <difficult>0</difficult>
    <bndbox>
      <xmin>765</xmin>
      <ymin>112</ymin>
      <xmax>906</xmax>
      <ymax>261</ymax>
    </bndbox>
  </object>
  <object>
    <name>DCIS</name>
    <pose>Unspecified</pose>
    <truncated>0</truncated>
    <difficult>0</difficult>
    <bndbox>
      <xmin>1121</xmin>
      <ymin>197</ymin>
      <xmax>1591</xmax>
      <ymax>541</ymax>
    </bndbox>
  </object>
  <object>
    <name>DCIS</name>
    <pose>Unspecified</pose>
    <truncated>0</truncated>
    <difficult>0</difficult>
    <bndbox>
      <xmin>1693</xmin>
      <ymin>209</ymin>
      <xmax>1820</xmax>
      <ymax>346</ymax>
    </bndbox>
  </object>
</annotation>
