<annotation>
  <folder>&#26032;&#24314;&#25991;&#20214;&#22841;</folder>
  <filename>crop_average-2431</filename>
  <path>C:/Users/hu/Desktop/&#26032;&#24314;&#25991;&#20214;&#22841;/crop_average-2431.jpeg</path>
  <source>
    <database>Unknown</database>
  </source>
  <size>
    <width>710</width>
    <height>658</height>
    <depth>3</depth>
  </size>
  <segmented>0</segmented>
  <object>
    <name>IDC</name>
    <pose>Unspecified</pose>
    <truncated>0</truncated>
    <difficult>0</difficult>
    <bndbox>
      <xmin>63</xmin>
      <ymin>73</ymin>
      <xmax>439</xmax>
      <ymax>304</ymax>
    </bndbox>
  </object>
  <object>
    <name>IDC</name>
    <pose>Unspecified</pose>
    <truncated>0</truncated>
    <difficult>0</difficult>
    <bndbox>
      <xmin>334</xmin>
      <ymin>3</ymin>
      <xmax>645</xmax>
      <ymax>125</ymax>
    </bndbox>
  </object>
  <object>
    <name>IDC</name>
    <pose>Unspecified</pose>
    <truncated>0</truncated>
    <difficult>0</difficult>
    <bndbox>
      <xmin>161</xmin>
      <ymin>387</ymin>
      <xmax>691</xmax>
      <ymax>569</ymax>
    </bndbox>
  </object>
</annotation>
