<annotation>
  <folder>&#26032;&#24314;&#25991;&#20214;&#22841;</folder>
  <filename>crop_average-3241</filename>
  <path>C:/Users/hu/Desktop/&#26032;&#24314;&#25991;&#20214;&#22841;/crop_average-3241.jpeg</path>
  <source>
    <database>Unknown</database>
  </source>
  <size>
    <width>710</width>
    <height>658</height>
    <depth>3</depth>
  </size>
  <segmented>0</segmented>
  <object>
    <name>IDC</name>
    <pose>Unspecified</pose>
    <truncated>0</truncated>
    <difficult>0</difficult>
    <bndbox>
      <xmin>2</xmin>
      <ymin>244</ymin>
      <xmax>146</xmax>
      <ymax>385</ymax>
    </bndbox>
  </object>
  <object>
    <name>IDC</name>
    <pose>Unspecified</pose>
    <truncated>0</truncated>
    <difficult>0</difficult>
    <bndbox>
      <xmin>106</xmin>
      <ymin>231</ymin>
      <xmax>346</xmax>
      <ymax>538</ymax>
    </bndbox>
  </object>
  <object>
    <name>IDC</name>
    <pose>Unspecified</pose>
    <truncated>0</truncated>
    <difficult>0</difficult>
    <bndbox>
      <xmin>240</xmin>
      <ymin>484</ymin>
      <xmax>417</xmax>
      <ymax>655</ymax>
    </bndbox>
  </object>
  <object>
    <name>IDC</name>
    <pose>Unspecified</pose>
    <truncated>0</truncated>
    <difficult>0</difficult>
    <bndbox>
      <xmin>411</xmin>
      <ymin>422</ymin>
      <xmax>499</xmax>
      <ymax>551</ymax>
    </bndbox>
  </object>
  <object>
    <name>IDC</name>
    <pose>Unspecified</pose>
    <truncated>0</truncated>
    <difficult>0</difficult>
    <bndbox>
      <xmin>382</xmin>
      <ymin>117</ymin>
      <xmax>510</xmax>
      <ymax>253</ymax>
    </bndbox>
  </object>
  <object>
    <name>IDC</name>
    <pose>Unspecified</pose>
    <truncated>0</truncated>
    <difficult>0</difficult>
    <bndbox>
      <xmin>529</xmin>
      <ymin>475</ymin>
      <xmax>706</xmax>
      <ymax>655</ymax>
    </bndbox>
  </object>
</annotation>
