<annotation>
  <folder>&#26032;&#24314;&#25991;&#20214;&#22841;</folder>
  <filename>crop_average-2333</filename>
  <path>C:/Users/hu/Desktop/&#26032;&#24314;&#25991;&#20214;&#22841;/crop_average-2333.jpeg</path>
  <source>
    <database>Unknown</database>
  </source>
  <size>
    <width>710</width>
    <height>657</height>
    <depth>3</depth>
  </size>
  <segmented>0</segmented>
  <object>
    <name>IDC</name>
    <pose>Unspecified</pose>
    <truncated>0</truncated>
    <difficult>0</difficult>
    <bndbox>
      <xmin>3</xmin>
      <ymin>38</ymin>
      <xmax>53</xmax>
      <ymax>145</ymax>
    </bndbox>
  </object>
  <object>
    <name>IDC</name>
    <pose>Unspecified</pose>
    <truncated>0</truncated>
    <difficult>0</difficult>
    <bndbox>
      <xmin>43</xmin>
      <ymin>116</ymin>
      <xmax>141</xmax>
      <ymax>237</ymax>
    </bndbox>
  </object>
  <object>
    <name>IDC</name>
    <pose>Unspecified</pose>
    <truncated>0</truncated>
    <difficult>0</difficult>
    <bndbox>
      <xmin>309</xmin>
      <ymin>73</ymin>
      <xmax>450</xmax>
      <ymax>200</ymax>
    </bndbox>
  </object>
  <object>
    <name>IDC</name>
    <pose>Unspecified</pose>
    <truncated>0</truncated>
    <difficult>0</difficult>
    <bndbox>
      <xmin>3</xmin>
      <ymin>449</ymin>
      <xmax>53</xmax>
      <ymax>622</ymax>
    </bndbox>
  </object>
  <object>
    <name>IDC</name>
    <pose>Unspecified</pose>
    <truncated>0</truncated>
    <difficult>0</difficult>
    <bndbox>
      <xmin>229</xmin>
      <ymin>405</ymin>
      <xmax>449</xmax>
      <ymax>597</ymax>
    </bndbox>
  </object>
</annotation>
