<annotation>
  <folder>&#26032;&#24314;&#25991;&#20214;&#22841;</folder>
  <filename>crop_average-3443</filename>
  <path>C:/Users/hu/Desktop/&#26032;&#24314;&#25991;&#20214;&#22841;/crop_average-3443.jpeg</path>
  <source>
    <database>Unknown</database>
  </source>
  <size>
    <width>710</width>
    <height>658</height>
    <depth>3</depth>
  </size>
  <segmented>0</segmented>
  <object>
    <name>IDC</name>
    <pose>Unspecified</pose>
    <truncated>0</truncated>
    <difficult>0</difficult>
    <bndbox>
      <xmin>177</xmin>
      <ymin>59</ymin>
      <xmax>664</xmax>
      <ymax>305</ymax>
    </bndbox>
  </object>
  <object>
    <name>IDC</name>
    <pose>Unspecified</pose>
    <truncated>0</truncated>
    <difficult>0</difficult>
    <bndbox>
      <xmin>45</xmin>
      <ymin>463</ymin>
      <xmax>191</xmax>
      <ymax>655</ymax>
    </bndbox>
  </object>
  <object>
    <name>IDC</name>
    <pose>Unspecified</pose>
    <truncated>0</truncated>
    <difficult>0</difficult>
    <bndbox>
      <xmin>293</xmin>
      <ymin>481</ymin>
      <xmax>575</xmax>
      <ymax>656</ymax>
    </bndbox>
  </object>
</annotation>
