<annotation>
  <folder>&#26032;&#24314;&#25991;&#20214;&#22841;3</folder>
  <filename>flip_&#25429;&#33719;11</filename>
  <path>C:/Users/hu/Desktop/&#26032;&#24314;&#25991;&#20214;&#22841;/&#26032;&#24314;&#25991;&#20214;&#22841;3/flip_&#25429;&#33719;11.JPG</path>
  <source>
    <database>Unknown</database>
  </source>
  <size>
    <width>224</width>
    <height>423</height>
    <depth>3</depth>
  </size>
  <segmented>0</segmented>
  <object>
    <name>DCIS</name>
    <pose>Unspecified</pose>
    <truncated>0</truncated>
    <difficult>0</difficult>
    <bndbox>
      <xmin>95</xmin>
      <ymin>27</ymin>
      <xmax>196</xmax>
      <ymax>210</ymax>
    </bndbox>
  </object>
  <object>
    <name>DCIS</name>
    <pose>Unspecified</pose>
    <truncated>0</truncated>
    <difficult>0</difficult>
    <bndbox>
      <xmin>70</xmin>
      <ymin>327</ymin>
      <xmax>139</xmax>
      <ymax>397</ymax>
    </bndbox>
  </object>
</annotation>
