<annotation>
  <folder>&#26032;&#24314;&#25991;&#20214;&#22841;3</folder>
  <filename>flip_170190~1 (2)</filename>
  <path>C:/Users/hu/Desktop/&#26032;&#24314;&#25991;&#20214;&#22841;/&#26032;&#24314;&#25991;&#20214;&#22841;3/flip_170190~1 (2).jpg</path>
  <source>
    <database>Unknown</database>
  </source>
  <size>
    <width>1910</width>
    <height>752</height>
    <depth>3</depth>
  </size>
  <segmented>0</segmented>
  <object>
    <name>DCIS</name>
    <pose>Unspecified</pose>
    <truncated>0</truncated>
    <difficult>0</difficult>
    <bndbox>
      <xmin>91</xmin>
      <ymin>220</ymin>
      <xmax>225</xmax>
      <ymax>342</ymax>
    </bndbox>
  </object>
  <object>
    <name>DCIS</name>
    <pose>Unspecified</pose>
    <truncated>0</truncated>
    <difficult>0</difficult>
    <bndbox>
      <xmin>331</xmin>
      <ymin>222</ymin>
      <xmax>788</xmax>
      <ymax>552</ymax>
    </bndbox>
  </object>
  <object>
    <name>DCIS</name>
    <pose>Unspecified</pose>
    <truncated>0</truncated>
    <difficult>0</difficult>
    <bndbox>
      <xmin>986</xmin>
      <ymin>105</ymin>
      <xmax>1142</xmax>
      <ymax>265</ymax>
    </bndbox>
  </object>
  <object>
    <name>DCIS</name>
    <pose>Unspecified</pose>
    <truncated>0</truncated>
    <difficult>0</difficult>
    <bndbox>
      <xmin>1182</xmin>
      <ymin>73</ymin>
      <xmax>1363</xmax>
      <ymax>380</ymax>
    </bndbox>
  </object>
  <object>
    <name>DCIS</name>
    <pose>Unspecified</pose>
    <truncated>0</truncated>
    <difficult>0</difficult>
    <bndbox>
      <xmin>1420</xmin>
      <ymin>180</ymin>
      <xmax>1514</xmax>
      <ymax>229</ymax>
    </bndbox>
  </object>
  <object>
    <name>DCIS</name>
    <pose>Unspecified</pose>
    <truncated>0</truncated>
    <difficult>0</difficult>
    <bndbox>
      <xmin>1461</xmin>
      <ymin>233</ymin>
      <xmax>1629</xmax>
      <ymax>324</ymax>
    </bndbox>
  </object>
  <object>
    <name>DCIS</name>
    <pose>Unspecified</pose>
    <truncated>0</truncated>
    <difficult>0</difficult>
    <bndbox>
      <xmin>1874</xmin>
      <ymin>518</ymin>
      <xmax>1908</xmax>
      <ymax>609</ymax>
    </bndbox>
  </object>
  <object>
    <name>DCIS</name>
    <pose>Unspecified</pose>
    <truncated>0</truncated>
    <difficult>0</difficult>
    <bndbox>
      <xmin>1669</xmin>
      <ymin>648</ymin>
      <xmax>1763</xmax>
      <ymax>724</ymax>
    </bndbox>
  </object>
</annotation>
