<annotation>
  <folder>&#26032;&#24314;&#25991;&#20214;&#22841;3</folder>
  <filename>flip_7</filename>
  <path>C:/Users/hu/Desktop/&#26032;&#24314;&#25991;&#20214;&#22841;/&#26032;&#24314;&#25991;&#20214;&#22841;3/flip_7.jpg</path>
  <source>
    <database>Unknown</database>
  </source>
  <size>
    <width>744</width>
    <height>780</height>
    <depth>3</depth>
  </size>
  <segmented>0</segmented>
  <object>
    <name>DCIS</name>
    <pose>Unspecified</pose>
    <truncated>0</truncated>
    <difficult>0</difficult>
    <bndbox>
      <xmin>2</xmin>
      <ymin>113</ymin>
      <xmax>603</xmax>
      <ymax>596</ymax>
    </bndbox>
  </object>
</annotation>
