<annotation>
  <folder>&#26032;&#24314;&#25991;&#20214;&#22841;3</folder>
  <filename>rotation_170190~1 (2)</filename>
  <path>C:/Users/hu/Desktop/&#26032;&#24314;&#25991;&#20214;&#22841;/&#26032;&#24314;&#25991;&#20214;&#22841;3/rotation_170190~1 (2).jpg</path>
  <source>
    <database>Unknown</database>
  </source>
  <size>
    <width>1910</width>
    <height>752</height>
    <depth>3</depth>
  </size>
  <segmented>0</segmented>
  <object>
    <name>DCIS</name>
    <pose>Unspecified</pose>
    <truncated>0</truncated>
    <difficult>0</difficult>
    <bndbox>
      <xmin>688</xmin>
      <ymin>426</ymin>
      <xmax>854</xmax>
      <ymax>571</ymax>
    </bndbox>
  </object>
  <object>
    <name>DCIS</name>
    <pose>Unspecified</pose>
    <truncated>0</truncated>
    <difficult>0</difficult>
    <bndbox>
      <xmin>691</xmin>
      <ymin>616</ymin>
      <xmax>958</xmax>
      <ymax>752</ymax>
    </bndbox>
  </object>
  <object>
    <name>DCIS</name>
    <pose>Unspecified</pose>
    <truncated>0</truncated>
    <difficult>0</difficult>
    <bndbox>
      <xmin>803</xmin>
      <ymin>5</ymin>
      <xmax>1140</xmax>
      <ymax>197</ymax>
    </bndbox>
  </object>
</annotation>
