<annotation>
  <folder>&#26032;&#24314;&#25991;&#20214;&#22841;3</folder>
  <filename>rotation_&#25429;&#33719;13</filename>
  <path>C:/Users/hu/Desktop/&#26032;&#24314;&#25991;&#20214;&#22841;/&#26032;&#24314;&#25991;&#20214;&#22841;3/rotation_&#25429;&#33719;13.JPG</path>
  <source>
    <database>Unknown</database>
  </source>
  <size>
    <width>447</width>
    <height>290</height>
    <depth>3</depth>
  </size>
  <segmented>0</segmented>
  <object>
    <name>DCIS</name>
    <pose>Unspecified</pose>
    <truncated>0</truncated>
    <difficult>0</difficult>
    <bndbox>
      <xmin>154</xmin>
      <ymin>1</ymin>
      <xmax>335</xmax>
      <ymax>289</ymax>
    </bndbox>
  </object>
</annotation>
